name,smiles,score,mw,logp,hbd,hba,tpsa,rotors,lipinski_violations,veber_pass,logbb,caco2,mdck,herg_logic50,pains_pass
44259_01,CN[C@@H]1C[C@H]2O[C@@](C)([C@@H]1OC)n1c3ccccc3c3c4c(c5c6ccccc6n2c5c31)C(=O)NC4,-8.103,466.5410000000003,4.354000000000003,2,4,69.45,2,0,True,-0.2270519999999996,43.851470000000006,39.46632300000001,-3.6770000000000014,True
72307_01,c1cc2c(cc1[C@H]1OC[C@H]3[C@@H]1CO[C@@H]3c1ccc3c(c1)OCO3)OCO2,-8.148,354.3580000000002,3.2192000000000007,0,6,55.38000000000001,2,0,True,-0.1913056,58.98407039999999,53.08566335999999,-3.1096000000000004,True
