lead,mean,std,count
44259_01,-48.18934979241811,7.594663718402833,10
72307_01,-22.44728404645418,3.6989454658502257,10
