{
  "center": [
    4.635257575757575,
    -21.375439393939402,
    13.23425757575758
  ],
  "inner": [
    12.0,
    12.0,
    12.0
  ],
  "outer": [
    24.0,
    24.0,
    24.0
  ],
  "resname": "1N1"
}