lead,dG_bind
44259_01,13837528063.361795
72307_01,165747041.94207504
